id,gid,kecamatan,kelurahan,geom,nama,id_tps,alamat,thn_bangun,klasifikasi_struktur,klasifikasi_pengangkutan,tahun,status,kel_dilayani,kapasitas,vol_masuk,vol_dikelola,vol_diangkut,waktu_angkut,id_delivery,data_tahun,koordinat,lat,lon,utilisasi
1.0,27.0,Gunung Sari,Gunung Sari,0101000020ED7F0000E745586488022541B940397153886141,TPS Gunungsari Yani Golf,188,Jl. Golf V,,TPS,armroll,,aktif,Kel. Gunung Sari,14.0,14.0,14.0,14.0,<1 hari,,2021,"-7.30577431826175,112.707095366803",-7.30577431826175,112.707095366803,100.0
,,Sukolilo,Keputih,0101000020ED7F0000E03F5754285925414441BACAE4886141,IPLT Keputih,117,Jl.Keputih Tegal,,,armroll,,aktif,Kel.Keputih,14.0,14.0,14.0,12.0,<1 hari,,2021," -7.29486998046742, 112.807460448637",-7.29486998046742,112.807460448637,100.0
3.0,75.0,Karah,Karah,0101000020ED7F0000C20940A094082541A721AB26F3876141,TPS Bibis Karah,175,Jl. Karah,,TPS,armroll,,aktif,"Kel. Karah, Kel. Jambangan",14.0,14.0,14.0,14.0,<1 hari,,2021,"-7.31271288104216,112.71413213501",-7.31271288104216,112.71413213501,100.0
,,Dukuh Pakis,Dukuh Pakis,0101000020ED7F00002083DD63CF022541A1D5ABF993886141,TPS Bukit Mas,154,Jl.Puncak Bukit Mas-Dukuh pakis,,TPS,armroll,,aktif,Kel.Dukuh Pakis,8.0,8.0,8.0,8.0,<1 hari,,2021," -7.30110514432641, 112.70739912183",-7.30110514432641,112.70739912183,100.0
5.0,113.0,Karangpilang,Karangpilang,0101000020ED7F00009702868CD9F624413CBFE5707F866141,Karang Pilang Marinir (Ps. Hewan),186,Jl. Bumi Marinir,,,armroll,,aktif,,14.0,14.0,14.0,14.0,>1 hari,,2021," -7.33967817789591, 112.693680915167",-7.33967817789591,112.693680915167,100.0
6.0,151.0,WONOKROMO,SWUNGGALING,0101000020ED7F0000D801936AAC14254103C14D42EF886141,TPS WONOBOYO,153,JL. WONOBOYO BATANGHARI,,TPS,armroll,,aktif,SAWUNGGALING,14.0,14.0,14.0,14.0,<1 hari,,2021,"-7.29442346669381,112.728079570726",-7.29442346669381,112.728079570726,100.0
,,Jajar Tunggal,Jajar Tunggal,0101000020ED7F0000B64800DF6E042541D2FD5B7017886141,TPS Gogor/Jajar Tunggal,183,Jl.Mastrip,,TPS,armroll,,aktif,Kel.Jajar Tunggal,14.0,14.0,14.0,14.0,<1 hari,,2021," -7.31010628212799, 112.709314586969",-7.31010628212799,112.709314586969,100.0
8.0,4.0,Bubutan,Tembok Dukuh,0101000020ED7F00006B6DA5494C0E254139982F50228B6141,TPS Kalibutuh,1,Jl. Raya Demak,,TPS,compactor,,aktif,"Tembok Dukuh, Petemon, Gundih",52.8,52.8,52.8,52.8,?1 hari,,2021," -7.25372369719324, 112.720534601098",-7.25372369719324,112.720534601098,100.0
9.0,5.0,Bubutan,Bubutan,0101000020ED7F000097F0D775381925412F1FC4E3328B6141,TPS Pirngadi,2,Jl. Pirngadi,,TPS,armroll,,aktif,"Bubutan, Tembok Dukuh",28.0,28.0,28.0,28.0,?1 hari,,2021," -7.25247653968601, 112.733189162813",-7.25247653968601,112.733189162813,100.0
10.0,6.0,Bubutan,Bubutan,0101000020ED7F00003190DC9C2519254155E041796E8B6141,TPS Penghela,3,Jl. Penghela,,TPS,compactor,,aktif,"Bubutan, Tembok Dukuh",33.0,33.0,30.0,33.0,?1 hari,,2021," -7.24816694272111, 112.733087352969",-7.24816694272111,112.733087352969,100.0
11.0,8.0,Bubutan,Jepara,0101000020ED7F0000F98F5CE3441425413B92E4E39D8B6141,TPS Dupak Prahu,5,Jl. Babadan Dupak,,TPS,armroll,,aktif,Jepara,28.0,28.0,28.0,28.0,?1 hari,,2021," -7.2447586376023, 112.727420998845",-7.2447586376023,112.727420998845,100.0
12.0,7.0,Bubutan,Alon Alon Contong,0101000020ED7F0000A1E9A3B0412125419E6E894DA48B6141,TPS Sulung Kali,4,Jl. Sulung Kali,,TPS,compactor,,aktif,Alon Alon Contong,26.4,26.4,26.4,26.4,<1 hari,,2021,"-7.24423737295204,112.742471273449",-7.24423737295204,112.742471273449,100.0
,,Tambaksari,Ploso,0101000020ED7F0000AD0CFE55572E2541EC7F6600408B6141,TPS Bogen,99,Jl.Bogen Tambaksari,,TPS,compactor,,aktif,"Tambaksari,Ploso,Pacar keling",39.6,39.6,39.6,39.6,?1 hari,,2021,"-7.251434091467,112.757663791454",-7.251434091467,112.757663791454,100.0
,,Simokerto,Tambak Rejo,0101000020ED7F000016CD4C64A93025415934BE26B28B6141,TPS Tambak Rejo,8,Jl.Tambak Rejo,,TPS,compactor,,aktif,"Tambak Rejo,Rangkah,Kapasari,Simokerto",52.8,52.8,52.8,52.8,?1 hari,,2021,"-7.2431669346676,112.76032115131",-7.2431669346676,112.76032115131,100.0
,,Tambaksari,Pacar keling,0101000020ED7F0000FCD8BF03742A254137A87BAB718A6141,TPS Gubeng Masjid,100,Jl.Gubeng Masjid,,TPS,armroll,,aktif,Pacar keling,8.0,8.0,8.0,8.0,?1 hari,,2021,"-7.26637605031091,112.753215555345",-7.26637605031091,112.753215555345,100.0
,,Simokerto,Sidodadi,0101000020ED7F00003B75668EE6272541E7010796E38B6141,TPS Kapasan,7,Jl.Pasar Kapasan,,TPS,armroll,,aktif,Sidodadi,14.0,14.0,14.0,14.0,<1 hari,,2021," -7.23963035063419, 112.750153730403",-7.23963035063419,112.750153730403,100.0
17.0,13.0,Tambaksari,Pacar Keling,0101000020ED7F0000E39C4DB2DE292541CF9426AC5F8A6141,TPS Gubeng Masjid Pasar,101,Jl. Gubeng Masjid,,TPS,armroll,,aktif,pacar keling,8.0,8.0,8.0,8.0,?1 hari,,2021," -7.2676804651391, 112.752544581592",-7.2676804651391,112.752544581592,100.0
18.0,19.0,Genteng,Embong Kaliasin,0101000020ED7F000055E49698B22525417EB065994B8A6141,TPS Kayon,11,Jl. Kayon,,TPS,compactor,,aktif,"Kel. Gubeng, Kel. Embong Kaliasin",19.8,19.8,19.8,19.8,<1 hari,,2021,"-7.26915108849794,112.74771448041",-7.26915108849794,112.74771448041,100.0
,,Tambaksari,Pacar keling,0101000020ED7F0000FB65A4EF3B2F254199133193E38A6141,TPS Candi Puro,102,Jl.Candipuro,,TPS,armroll,,aktif,"Pacar keling,Ploso",14.0,14.0,14.0,14.0,<1 hari,,2021," -7.25811554403942, 112.75872467346",-7.25811554403942,112.75872467346,100.0
20.0,16.0,Tambaksari,Pacar keling,0101000020ED7F00007878CA2A1E2F25410C1C111BC18A6141,TPS Pasar Pacar Keling,103,Jl. Pacar Keling,,TPS,armroll,,aktif,"Pacar keling, pacar kembang",28.0,28.0,28.0,28.0,<1 hari,,2021,"-7.26060931560042,112.758599588001",-7.26060931560042,112.758599588001,100.0
,,Genteng,Genteng,0101000020ED7F0000D10A41F6FB20254169CD87A4C38A6141,TPS Simpang Dukuh,9,Jl.Simpang Dukuh,,TPS,compactor,,aktif,"Genteng,Simpang,Ketabang",26.4,26.4,26.4,26.4,<1 hari,,2021," -7.2604889847242, 112.742218088443",-7.2604889847242,112.742218088443,100.0
22.0,18.0,Genteng,Genteng,0101000020ED7F000053EA2A4C621F2541947A7EE8E28A6141,TPS Pasar Genteng,10,Jl. Genteng Besar,,TPS,compactor,,aktif,"Genteng, Simpang, Ketabang",26.0,26.0,26.0,26.0,<1 hari,,2021,"-7.25823456461808,112.740354700379",-7.25823456461808,112.740354700379,100.0
,,Tegalsari,Wonorejo,0101000020ED7F000071012633AE15254126D4A1BD4D8A6141,TPS Pasar Kembang,16,Jl.Wonorejo III (Pasar kembang),,TPS,compactor,,aktif,"Kel.Kedungdoro,Kel.Tegalsari",26.4,26.4,26.4,26.4,<1 hari,,2021," -7.26906737179481, 112.729149589336",-7.26906737179481,112.729149589336,100.0
24.0,20.0,Ketabang,Ketabang,0101000020ED7F000089439E0273292541FC0C59D3AB8A6141,TPS Legundi,12,Jl. Anggrek,,TPS,compactor,,aktif,"Kel. Ketabang, Kel. Pacar Keling, Kel. Pacar Kembang",29.7,29.7,29.7,29.7,<1 hari,,2021,"-7.26217397863795,112.752035705462",-7.26217397863795,112.752035705462,100.0
,,Peneleh,Peneleh,0101000020ED7F000081189FC94D2025410BA7B754358B6141,TPS Makam Peneleh,13,Jl.Makam Peneleh,,TPS,compactor,,aktif,"Kel.Peneleh,Kel.Alun-Alun Contong",23.1,23.1,23.1,23.1,<1 hari,,2021," -7.25226856902503, 112.741397916378",-7.25226856902503,112.741397916378,100.0
26.0,22.0,Tegalsari,Tegalsari,0101000020ED7F00003FB46B217A1D25417F26AB44248A6141,TPS Kedondong,14,Jl. Kedondong,,TPS,armroll,,aktif,"Kel. Tegalsari, Kel. Embong Kaliasin, Kel. Wonorejo",42.0,42.0,42.0,42.0,<1 hari,,2021,"-7.27203266105823,112.738197604311",-7.27203266105823,112.738197604311,100.0
,,Kedungdoro,Kedungdoro,0101000020ED7F0000EE53324F431725417D4AE141818A6141,TPS Kedung Anyar,15,Jl.Kedung Anyar,,TPS,compactor,,aktif,"Kel.Kedungdoro,Kel.Tegalsari",33.0,33.0,33.0,33.0,<1 hari,,2021," -7.26533398962904, 112.730969440295",-7.26533398962904,112.730969440295,100.0
28.0,25.0,Sawunggaling,Sawunggaling,0101000020ED7F0000632CE2E7CB17254134DC7D48A4886141,TPS Joyoboyo,152,Jl. Joyoboyo Gunungsari,,TPS,compactor,,aktif,Kel. Sawunggaling,26.4,26.4,26.4,26.4,<1 hari,,2021,"-7.29983287234375,112.731720287894",-7.29983287234375,112.731720287894,100.0
,,Gunung Sari,Gunung Sari,0101000020ED7F0000F5E3942E1908254118D1D55043886141,TPS Jogoloyo,189,Jl.Jogoloyo,,TPS,armroll,,aktif,"Kel.Gunung Sari,Kel.Jajar Tunggal",14.0,14.0,14.0,14.0,<1 hari,,2021," -7.30691635836133, 112.713551082118",-7.30691635836133,112.713551082118,100.0
30.0,29.0,Pagesangan,Pagesangan,0101000020ED7F0000DC70092107082541E54BC5FFC0866141,TPS Pagesangan,177,Jl. Pagesangan,,TPS,armroll,,aktif,"Kel. Pagesangan, Kel. Kebonsari",28.0,28.0,28.0,28.0,<1 hari,,2021,"-7.33486055109928,112.713576032228",-7.33486055109928,112.713576032228,100.0
,,GAYUNGAN,MENANGGAL,0101000020ED7F0000A9D34C5C5F0F2541B9993FAB81866141,TPS MENANGGAL YKP,172,JL MENANGGAL YKP,,TPS,armroll,,aktif,MENANGGAL,14.0,14.0,14.0,14.0,<1 hari,,2021," -7.33940891334665, 112.72210761978",-7.33940891334665,112.72210761978,100.0
32.0,189.0,JAMBANGAN,KEBONSARI,0101000020ED7F000084AF4507A50525419F7A20D2F3866141,TPS PASAR KEBONSARI,171,JL KEBONSARI TENGAH,,TPS,armroll,,aktif,KEBONSSARI,14.0,14.0,14.0,14.0,<1 hari,,2021,"-7.33119492988723,112.710799359633",-7.33119492988723,112.710799359633,100.0
,,GAYUNGAN,DUKUH MENANGGAL,0101000020ED7F00007EFF7E048A112541B47AA129F8856141,TPS TERMINAL BUNGURASIH,174,TERMINAL BUNGURASIH,,TPS,armroll,,aktif,TERMINAL BUNGURAASIH,14.0,14.0,14.0,14.0,<1 hari,,2021," -7.34934560774693, 112.724657554422",-7.34934560774693,112.724657554422,100.0
34.0,30.0,Jambangan,Jambangan,0101000020ED7F0000DABA4D22840A25418B38FDFFB3876141,TPS Jambangan,176,Jl. Jambangan,,TPS,armroll,,aktif,"Kel. Jambangan, Kel. Kebonsari",28.0,28.0,28.0,28.0,<1 hari,,2021,"-7.31727231643759,112.716393217777",-7.31727231643759,112.716393217777,100.0
,,Gayungan,Gayungan,0101000020ED7F0000434B8417BD1025415B7204F4EC866141,TPS Gayungsari,169,Jl.Gayungsari 4,,TPS,armroll,,aktif,Kel.Gayungan,14.0,14.0,14.0,14.0,<1 hari,,2021," -7.33164257056066, 112.723661402438",-7.33164257056066,112.723661402438,100.0
36.0,32.0,Kedurus,Kedurus,0101000020ED7F00009BEA4A4FD803254143DB3B8E2F876141,TPS bogangin,165,Jl. Mastrip,,TPS,armroll,,aktif,"Kel. Kedurus, Kel. Kebraon",28.0,28.0,28.0,28.0,<1 hari,,2021,"-7.32688198940734,112.708696694989",-7.32688198940734,112.708696694989,100.0
,,Kedurus,Kedurus,0101000020ED7F00002D0C12194A03254116BDD4F8FD866141,TPS Kemlaten,164,Jl.Mastrip,,TPS,armroll,,aktif,Kel.Kedurus,28.0,28.0,28.0,28.0,<1 hari,,2021," -7.33047103120234, 112.708066411679",-7.33047103120234,112.708066411679,100.0
38.0,34.0,Jagir,Jagir,0101000020ED7F00005F53A3F4FC2425419B1EF6637F886141,TPS Jagir,159,Jl. Jagir,,TPS,compactor,,aktif,"Kel. Jagir,  Kel. Sidosermo",26.4,26.4,26.4,26.4,<1 hari,,2021,"-7.30244252084244,112.747021068299",-7.30244252084244,112.747021068299,100.0
,,Bendul Merisi,Bendul Merisi,0101000020ED7F000058873E37301C2541A78FE2534E886141,TPS Pasar Beras Bendul Merisi,158,Jl.Bendul Merisi,,TPS,armroll,,aktif,Kel.Jagir,28.0,28.0,28.0,28.0,<1 hari,,2021," -7.30603076265691, 112.736834892947",-7.30603076265691,112.736834892947,100.0
40.0,36.0,Ngagel,Ngagel,0101000020ED7F0000915BC1EA07212541C942AF3FF5886141,TPS Ngagel,157,Jl. Ngagel,,TPS,compactor,,aktif,Kel. Ngagel,19.8,19.8,19.8,19.8,<1 hari,,2021,"-7.29393519668109,112.742401279181",-7.29393519668109,112.742401279181,100.0
,,Pucang Sewu,Pucang Sewu,0101000020ED7F000055F1C58029282541B6AB031552896141,TPS Kalibokor,110,Jl.Kalibokor,,TPS,compactor,,aktif,Kel.Pucang Sewu,33.0,33.0,33.0,33.0,<1 hari,,2021," -7.28718835177864, 112.75064084362",-7.28718835177864,112.75064084362,100.0
42.0,38.0,Gubeng,Gubeng,0101000020ED7F000073C94DE1732925416022791D7B896141,TPS Pasar Pucang,109,Jl. Pasar Pucang Anom,,TPS,armroll,,aktif,Kel. Pucang Sewu,14.0,14.0,14.0,14.0,<1 hari,,2021,"-7.28421452554273,112.752125123976",-7.28421452554273,112.752125123976,100.0
,,Menur Pumpungan,Menur Pumpungan,0101000020ED7F000038B53B2D29332541C92C4E3B49896141,TPS Buktong,115,Jl.Menur-Manyar,,Penempatan Container Plastik,compactor,,aktif,Kel.Menur Pumpungan,19.8,19.8,19.8,19.8,<1 hari,,2021," -7.28777899543575, 112.763391521866",-7.28777899543575,112.763391521866,100.0
44.0,10.0,Simokerto,Simolawang,0101000020ED7F0000F01D79F6D62A2541D4605B95FF8B6141,TPS Simolawang,6,Jl. Simolawang,,TPS,armroll,,aktif,"Simolawang, Simokerto, Sidotopo, Sidodadi",28.0,28.0,28.0,28.0,<1 hari,,2021,"-7.23759210947456,112.753552136294",-7.23759210947456,112.753552136294,100.0
,,Barata Jaya,Barata Jaya,0101000020ED7F0000F44524C454312541C0FDE7E6C9886141,TPS Bratang,111,Jl.Bratang Binangun,,TPS,compactor,,aktif,"Kel.Barata Jaya,",52.8,52.8,52.8,52.8,<1 hari,,2021," -7.29699732051328, 112.761306764371",-7.29699732051328,112.761306764371,100.0
46.0,41.0,Gubeng,Gubeng,0101000020ED7F000098A73BF7AD2325415BED6171218A6141,TPS Kangean,108,Jl. Kangean,,TPS,compactor,,aktif,"Kel. Airlangga, Kel. Mojo, Kel. Gubeng",19.8,19.8,19.8,19.8,<1 hari,,2021,"-7.27220939513501,112.745387254735",-7.27220939513501,112.745387254735,100.0
,,Petemon,Petemon,0101000020ED7F000075E45F9ED2102541B466370AD08A6141,TPS Bukit Barisan,146,Jl.Bukit Barisan,,TPS,compactor,,aktif,"Kel.Petemon,Kel.Sawahan,",59.4,59.4,59.4,59.4,<1 hari,,2021," -7.2596637606383, 112.723483402662",-7.2596637606383,112.723483402662,100.0
48.0,43.0,Darmo,Darmo,0101000020ED7F0000DE2569D55E152541840475709E896141,TPS Kembang Kuning,148,Jl. Kembang Kuning,,TPS,compactor,,aktif,"Kel. Pakis, Kel. Dr. Soetomo, Kel. Darmo, Kel. Putat Jaya, Kel. Sawahan",42.0,42.0,42.0,42.0,<1 hari,,2021,"-7.28174894553305,112.728838801391",-7.28174894553305,112.728838801391,100.0
,,Wonokromo,Wonokromo,0101000020ED7F00002A74635FAB19254193AC83782F886141,TPS Jetis Kulon,156,Jl.Jetis Kulon,,TPS,compactor,,aktif,Kel.Wonokromo,14.0,14.0,14.0,14.0,<1 hari,,2021," -7.3082739804763, 112.733923767723",-7.3082739804763,112.733923767723,100.0
50.0,45.0,Tenggilis Utara,Tenggilis Utara,0101000020ED7F000012141ECC1C2B254138CB7625A4876141,TPS Tenggilis Utara,137,Jl. Tenggilis Utara,,TPS,armroll,,aktif,Kel. Tenggilis Utara,28.0,28.0,28.0,28.0,<1 hari,,2021,"-7.3182734859457,112.754181749803",-7.3182734859457,112.754181749803,100.0
,,Penjaringansari,Penjaringansari,0101000020ED7F00008B8B3B21E1442541C6DB2E3170876141,TPS Penjaringan Sari,128,Jl.Pandugo,,TPS,compactor,,aktif,"Kel.Kedung Baruk,Kel.Penjaringan Sari",28.0,28.0,28.0,28.0,<1 hari,,2021," -7.32191408339703, 112.784063943689",-7.32191408339703,112.784063943689,100.0
52.0,47.0,Rungkut Kidul,Rungkut Kidul,0101000020ED7F0000666C0ED2D64125416D5ECFAA24876141,TPS Rungkut Asri Merr,131,Jl. Rungkut asri,,TPS,compactor,,aktif,Kel. Kali Rungkut,14.0,14.0,14.0,14.0,<1 hari,,2021,"-7.32739086780046,112.780561551098",-7.32739086780046,112.780561551098,100.0
,,Wonorejo,Wonorejo,0101000020ED7F0000127E1EAA794A2541E6BFF1AFF6876141,TPS Wonorejo,130,Jl.Raya Wonorejo,,TPS,compactor,,aktif,Kel.Wonorejo,26.4,26.4,26.4,26.4,<1 hari,,2021," -7.31216013851399, 112.790511453934",-7.31216013851399,112.790511453934,100.0
54.0,49.0,Kalirungkut,Kalirungkut,0101000020ED7F0000651A69BB7A3A254166AABA1F67876141,TPS Rungkut Alang-Alang,125,Jl. Kali Rungkut,,,compactor,,aktif,Kel. Kalirungkut,14.0,14.0,14.0,14.0,<1 hari,,2021,"-7.32261761878455,112.772011533616",-7.32261761878455,112.772011533616,100.0
,,Semolowaru,Semolowaru,0101000020ED7F00004EB68693B3422541963963AE91886141,TPS Semolowaru,120,Jl.Semolowaru,,TPS,armroll,,aktif,"Kel.Semolowaru,Kel.Medokan Semampir",14.0,14.0,14.0,14.0,<1 hari,,2021," -7.30098489318678, 112.781456406042",-7.30098489318678,112.781456406042,100.0
56.0,51.0,Klampis Ngasem,Klampis Ngasem,0101000020ED7F0000E8976F57433E254115D31BCA64896141,TPS Klampis Ngasem,119,Jl. Klampis Ngasem,,TPS,compactor,,aktif,"Kel. Klampis Ngasem, Kel. Manyar Sabrangan",14.0,14.0,14.0,14.0,<1 hari,,2021,"-7.28573532520526,112.776251712674",-7.28573532520526,112.776251712674,100.0
,,Keputih,Keputih,0101000020ED7F00009AAFF52FB14925417ED473F424896141,TPS ITS,116,Jl.Arif Rahman Hakim,,TPS,compactor,,aktif,"Kel.Keputih,Kel.Gebang Putih",14.0,14.0,14.0,14.0,<1 hari,,2021," -7.29030035077105, 112.789516798551",-7.29030035077105,112.789516798551,100.0
58.0,53.0,Mojo,Mojo,0101000020ED7F0000993BB172063D2541B87E7529918A6141,TPS Mojoarum,106,Jl. Mojoarum,,TPS,compactor,,aktif,"Kel. Mojo, Kel. Pacar Kembang",23.1,23.1,23.1,23.1,<1 hari,,2021,"-7.26401444190388,112.774731597932",-7.26401444190388,112.774731597932,100.0
,,Mojo,Mojo,0101000020ED7F000044999E2769382541BD014649998A6141,TPS Kaliwaron,105,Jl.Kaliwaron,,TPS,compactor,,aktif,"Kel.Mojo,Kel.Pacar Kembang",29.7,29.7,29.7,29.7,<1 hari,,2021," -7.26344768632922, 112.769381222715",-7.26344768632922,112.769381222715,100.0
60.0,55.0,Kalijudan,Kalijudan,0101000020ED7F00000FF04167C0432541AAE6C537E98A6141,TPS Kalijudan,145,Jl. Kalijudan,,TPS,compactor,,aktif,Kel. Kalijudan,28.0,28.0,28.0,28.0,<1 hari,,2021,"-7.25761464694079,112.782502301248",-7.25761464694079,112.782502301248,100.0
,,Dukuh Sutorejo,Dukuh Sutorejo,0101000020ED7F0000BA861418574E2541E6E93C20E08A6141,TPS Sutorejo,144,Jl.Sutorejo,,TPS,compactor,,aktif,"Kel.Dukuh Sutorejo,Kel.Kalisari,Kel.Mulyorejo",33.0,33.0,33.0,33.0,<1 hari,,2021," -7.25822393366832, 112.794776750552",-7.25822393366832,112.794776750552,100.0
62.0,57.0,Airlangga,Airlangga,0101000020ED7F00002815643EA02E254122E7B698078A6141,TPS Srikana,107,Jl. Srikana,,TPS,compactor,,aktif,"Kel. Airlangga, Kel. Gubeng",26.4,26.4,26.4,26.4,<1 hari,,2021,"-7.2740298849592,112.758081669645",-7.2740298849592,112.758081669645,100.0
,,Kenjeran,Kenjeran,0101000020ED7F0000059885B4E14E254193762152F48B6141,TPS THP Kenjeran,82,Jl.Kenjeran,,TPS,armroll,,aktif,"Kel.Krembangan Utara,Kel.Nyamplungan,Kel.Ampel",14.0,14.0,14.0,14.0,<1 hari,,2021," -7.23824394896929, 112.795325150616",-7.23824394896929,112.795325150616,100.0
64.0,59.0,Wonokromo,Ngagel Rejo,0101000020ED7F0000629A269EFF25254160BCF22B87886141,Bratang Lapangan,113,Jl. Bratang Lapangan,,,armroll,,aktif,"Kel. Barata Jaya, Kel. Ngagel Rejo",14.0,14.0,12.0,14.0,<1 hari,,2021,"-7.30187514947568,112.748190039549",-7.30187514947568,112.748190039549,100.0
,,Sukolilo,Gebang Putih,0101000020ED7F00009406DA9126462541F0108E4977896141,Gebang Putih,118,Jl.Gebang Putih,,,armroll,,aktif,"Kel.Gebang Putih,Kel.Keputih",14.0,14.0,14.0,14.0,<1 hari,,2021," -7.28436135701527, 112.785388476362",-7.28436135701527,112.785388476362,100.0
66.0,62.0,Rungkut,Rungkut Kidul,0101000020ED7F0000C22DC904DC3925415B67944AF3866141,Rungkut Kidul (Pasar Pahing),126,Jl. Pasar Rungkut Kidul Pasar Pahing,,,armroll,,aktif,Kel. Rungkut Kidul,28.0,28.0,28.0,28.0,<1 hari,,2021,"-7.33099883879681,112.771325991674",-7.33099883879681,112.771325991674,100.0
,,Rungkut,Penjaringan Sari,0101000020ED7F00004338B2CE1A4525417D91D275EB876141,Kendal Sari Wonorejo,127,Jl.Kendalsari(Barat Kebun Bibit),,,armroll,,aktif,Kel.Penjaringan,16.5,16.5,16.5,16.5,<1 hari,,2021," -7.31299689211114, 112.784289666829",-7.31299689211114,112.784289666829,100.0
68.0,64.0,Rungkut,Medokan Ayu,0101000020ED7F0000C1A62C0FC24E25415D0EA15E36876141,Medokan Ayu,129,Jl. Medokan Asri Tengah,,,armroll,,aktif,Kel. Medokan Ayu,28.0,28.0,28.0,28.0,<1 hari,,2021,"-7.32605090869349,112.79553128206",-7.32605090869349,112.79553128206,100.0
,,Gunung Anyar,Rungkut Menanggal,0101000020ED7F0000D8614200673F2541F1063EC78C866141,Rungkut Menanggal,132,Jl.Rungkut Menanggal Harapan,,,armroll,,aktif,Kel.Rungkut Menanggal,14.0,14.0,14.0,14.0,<1 hari,,2021," -7.33838841157694, 112.777780534836",-7.33838841157694,112.777780534836,100.0
70.0,66.0,Rungkut,Rungkut Kidul,0101000020ED7F00003BDA6BE6A94225410B700EF6F2866141,Metro Merr,133,Jl. Sukarno hatta (pojok Merr gunung Anyar),,,compactor,,aktif,Kel. Rungkut Menanggal,9.9,9.9,9.9,9.9,>1 hari,,2021," -7.33098239671951, 112.781531591272",-7.33098239671951,112.781531591272,100.0
71.0,67.0,Tenggilis Mejoyo,Penjaringan Sari,0101000020ED7F00001DBEE2DDF8232541652666D40A876141,Kendangsari Telkom,138,Jl. Raya Kendangsari,,,compactor,,aktif,"Kel. Tenggilis Mejoyo, Kel. Kendangsari, Kel. Rungkut Tengah",33.0,33.0,33.0,33.0,<1 hari,,2021,"-7.32939548427529,112.745948213579",-7.32939548427529,112.745948213579,100.0
,,Tenggilis Mejoyo,Panjang Jiwo,0101000020ED7F00006FC94E1C782A2541B204E4DFC2876141,Prapen Sisi Timur (Depan Graha Track),141,Jl.Raya Prapen (Sisi Timur),,,compactor,,aktif,"Kel.Kendangsari,Kel.Tenggilis Mejoyo",19.8,19.8,19.8,19.8,<1 hari,,2021," -7.31605373665136, 112.753427385746",-7.31605373665136,112.753427385746,100.0
73.0,69.0,Tenggilis Mejoyo,Panjang Jiwo,0101000020ED7F00006FC94E1C782A2541B204E4DFC2876141,Prapen Sisi Timur (Depan Graha Track),141,Jl. Raya Prapen (Sisi Timur),,,compactor,,aktif,"Kel. Kendangsari, Kel. Tenggilis Mejoyo",19.8,19.8,19.8,19.8,<1 hari,,2021,"-7.31605373665136,112.753427385746",-7.31605373665136,112.753427385746,100.0
,,Tenggilis Mejoyo,Panjang Jiwo,0101000020ED7F00007E9B6D3D902D254187689A18F7876141,Prapen,140,Jl.Raya Prapen,,,compactor,,aktif,Kel.Panjang Jiwo,19.8,19.8,19.8,19.8,<1 hari,,2021," -7.31226244908169, 112.756999270252",-7.31226244908169,112.756999270252,100.0
75.0,71.0,Wonocolo,Jemur Wonosari,0101000020ED7F0000EAF2B851FE1B2541A20184D837876141,Jemur Wonosari,142,Jl. Jemur Wonosari,,,compactor,,aktif,Kel. Jemur Wonosari,19.8,19.8,19.8,19.8,<1 hari,,2021,"-7.32617513908252,112.736686866792",-7.32617513908252,112.736686866792,100.0
,,Sememi,Sememi,0101000020ED7F0000B394AB94ECC42441368A15B3788B6141,TPS Kendung Makam,32,Jl.Sememi,,TPS,armroll,,aktif,Kel.Sememi,14.0,14.0,14.0,14.0,<1 hari,,2021," -7.24778887096137, 112.635470132217",-7.24778887096137,112.635470132217,100.0
77.0,73.0,Sememi,Sememi,0101000020ED7F00006916A0936AC424410CB82092048B6141,TPS Kendung BDH,33,Jl. Raya Kendung Benowo,,TPS,compactor,,aktif,Kel. Sememi,19.8,19.8,19.8,19.8,<1 hari,,2021,"-7.25619142434721,112.63491185258",-7.25619142434721,112.63491185258,100.0
,,Romokalisari,Romokalisari,0101000020ED7F00000E6F579133CE2441B90F078D338E6141,TPS Romokalisari,35,Jl.Romokalisari,,TPS,armroll,,aktif,Kel.Romokaliasari,8.0,8.0,8.0,8.0,<1 hari,,2021," -7.19719728275116, 112.64603988046",-7.19719728275116,112.64603988046,100.0
79.0,77.0,Morokrembangan,Morokrembangan,0101000020ED7F0000DA8D2FF3840F2541946FF341448C6141,TPS Mbah Ratu,71,Jl. Gresik,,TPS,armroll,,aktif,"Kel. Morokrembangan, Kel. Perak Barat, Kel. Kemayoran",14.0,14.0,14.0,14.0,<1 hari,,2021,"-7.23274547722016,112.721870520398",-7.23274547722016,112.721870520398,100.0
,,Sukomanunggal,Sukomanunggal,0101000020ED7F00006B08C16D15FA2441780A1C918F8A6141,TPS Sukomanunggal,59,Jl.Suko Manunggal,,TPS,armroll,,aktif,"Kel.Sukomanunggal,Kel.Simomulyo Baru",14.0,14.0,14.0,14.0,<1 hari,,2021," -7.26442671793096, 112.697145966318",-7.26442671793096,112.697145966318,100.0
81.0,79.0,Simo Mulyo,Simo Mulyo,0101000020ED7F000063ADF006490725417FFE36F9A88A6141,TPS Simorukun,61,Jl. Simo Mulyo,,TPS,armroll,,aktif,"Kel. Simo Mulyo, Kel. Petemon",33.0,33.0,33.0,33.0,<1 hari,,2021,"-7.26253144104599,112.712440048706",-7.26253144104599,112.712440048706,100.0
,,Simo Mulyo,Simo Mulyo,0101000020ED7F00003F15DC7728012541C04739C5058A6141,TPS Simohilir,60,Jl.Simo Hilir,,TPS,armroll,,aktif,Kel.Simomulyo Baru,8.0,8.0,8.0,8.0,<1 hari,,2021," -7.27436341915605, 112.705383019001",-7.27436341915605,112.705383019001,100.0
83.0,82.0,Gunung Anyar,Gunung Anyar,0101000020ED7F0000F1E79793ED482541DAE598B065866141,TPS Purimas,135,Jl. Perum Purimas Gunung anyar,,TPS,armroll,,aktif,Kel. Gunung Anyar,28.0,28.0,28.0,28.0,<1 hari,,2021,"-7.3411718840481,112.788833768365",-7.3411718840481,112.788833768365,100.0
,,Bulak,Bulak,0101000020ED7F00002C9BF27C83462541206FA6D5598C6141,TPS Tambak Deres,90,Jl.Tambak Deres,,TPS,armroll,,aktif,Kel.Bulak,14.0,14.0,14.0,14.0,<1 hari,,2021," -7.23093943889571, 112.785598459165",-7.23093943889571,112.785598459165,100.0
85.0,84.0,Pegirian,Pegirian,0101000020ED7F00008329445EBC2925419A183B70A68C6141,TPS Wonokusumo Kidul,77,Jl. Wonokusumo Kidul,,TPS,compactor,,aktif,"Kel. Pegirian, Kel. Wonokusumo, Kel. Sidotopo",39.6,39.6,39.6,39.6,<1 hari,,2021,"-7.2255279254166,112.752226264018",-7.2255279254166,112.752226264018,100.0
,,Ngagel Rejo,Ngagel Rejo,0101000020ED7F0000ED0A94AB3A262541879C486FFF886141,TPS Ngagel Dadi,112,Jl.Ngagel Dadi III,,TPS,armroll,,aktif,"Kel.Barata Jaya,Kel.Ngagel Rejo",14.0,14.0,14.0,14.0,<1 hari,,2021," -7.29317514360645, 112.748423632859",-7.29317514360645,112.748423632859,100.0
87.0,86.0,Tegalsari,Keputran,0101000020ED7F0000F9EDD2C89F242541A55E422993896141,TPS Dinoyo,17,Jl. Siliwangi,,TPS,compactor,-,aktif,Tegalsari,28.0,28.0,28.0,28.0,<1 hari,,2021,"-7.28249684294406,112.746521887565",-7.28249684294406,112.746521887565,100.0
,,Wonokromo,Darmo,0101000020ED7F0000E589DBC1711C2541B43586884A896141,TPS Taman Ketampon,18,Jl.Taman Ketampon,,TPS,compactor,,aktif,Darmo,23.0,23.0,23.0,23.0,<1 hari,,2021," -7.28778675210156, 112.737061275068",-7.28778675210156,112.737061275068,100.0
89.0,88.0,Tegalsari,Keputran,0101000020ED7F0000F091F01F0522254129D23BE2018A6141,TPS Pasar Keputran,19,Jl. Keputran Utara,,TPS,compactor,,aktif,Keputran,14.0,14.0,14.0,14.0,<1 hari,,2021,"-7.27449957375743,112.74347261584",-7.27449957375743,112.74347261584,100.0
,,Tandes,Karangpoh,0101000020ED7F000088D05C5CADEE244110319308FC896141,TPS Tubanan,20,Jl.Tubanan,,TPS,armroll,,aktif,Karangpoh,14.0,14.0,14.0,14.0,<1 hari,,2021," -7.2751478716145, 112.68396509874",-7.2751478716145,112.68396509874,100.0
91.0,90.0,Tandes,Karangpoh,0101000020ED7F0000E7F99E0093EB244186ED2171A18A6141,TPS Karangpoh,21,Jl. Darmo Indah Barat II,,TPS,armroll,,aktif,Karangpoh,14.0,14.0,14.0,14.0,<1 hari,,2021,"-7.26319631768785,112.680324057316",-7.26319631768785,112.680324057316,100.0
,,Tandes,Balongsari,0101000020ED7F0000B0CBFA1010EA244155ED66A2D48A6141,TPS Balongsari,22,Jl.Balongsari,,TPS,armroll,,aktif,Balongsari,14.0,14.0,14.0,14.0,<1 hari,,2021," -7.25949976287185, 112.678558460368",-7.25949976287185,112.678558460368,100.0
93.0,92.0,Tandes,Manukan Wetan,0101000020ED7F0000FB7608FED5E52441B42A1B8CC78A6141,TPS Manukan Wetan,23,Jl. Sikatan,,TPS,armroll,,aktif,Manukan Wetan,8.0,8.0,8.0,8.0,<1 hari,,2021,"-7.26046451777095,112.673662880585",-7.26046451777095,112.673662880585,100.0
,,Tandes,Manukan Kulon,0101000020ED7F0000B6A018EACADB2441B9F119DCCA8A6141,TPS Manukan Kulon,24,Jl.Manukan Kulon,,TPS,armroll,,aktif,Manukan Kulon,28.0,28.0,28.0,28.0,<1 hari,,2021," -7.26026768003105, 112.66202139414",-7.26026768003105,112.66202139414,100.0
95.0,94.0,Tandes,Manukan Wetan,0101000020ED7F00003B8F01450AE224416D41E8AAC18A6141,TPS Manukan Telaga,25,Jl. Manukan Peni VII,,TPS,armroll,,aktif,Manukan Wetan,14.0,14.0,14.0,14.0,<1 hari,,2021,"-7.26090603197903,112.669264963379",-7.26090603197903,112.669264963379,100.0
,,Tandes,Manukan Wetan,0101000020ED7F0000BE815735DBE5244171BC4FA1528B6141,TPS Buntaran,26,Jl.Buntaran,,TPS,armroll,,aktif,Manukan Wetan,14.0,14.0,14.0,14.0,<1 hari,,2021," -7.2504037566207, 112.6736493171",-7.2504037566207,112.6736493171,100.0
97.0,96.0,Tandes,Tandes,0101000020ED7F0000F0DF33E505EF2441E6FA6788C18A6141,TPS Darmo Indah,27,Jl. Darmo Indah,,TPS,armroll,,aktif,Tandes,14.0,14.0,14.0,14.0,<1 hari,,2021,"-7.26086018627673,112.684312725777",-7.26086018627673,112.684312725777,100.0
,,Benowo,Kandangan,0101000020ED7F00006E7F3B8AC7CF2441046C2F74278B6141,TPS Griya Citra Asri,28,Jl.Perum Griya Citra Asri,,TPS,armroll,,aktif,Kandangan,8.0,8.0,8.0,8.0,<1 hari,,2021," -7.25362049380193, 112.648073111044",-7.25362049380193,112.648073111044,100.0
99.0,98.0,Tandes,Banjar Sugihan,0101000020ED7F0000FB6D10E00CD72441A9FE1A53F68A6141,TPS Tengger,29,Jl. Tengger Raya,,TPS,armroll,,aktif,Banjar Sugihan,14.0,14.0,14.0,14.0,<1 hari,,2021,"-7.25714367918268,112.656513280798",-7.25714367918268,112.656513280798,100.0
,,Benowo,Kandangan,0101000020ED7F000070AC5139E0D324417D42F0994D8B6141,TPS Kandangan,30,"Jl,Kandangan",,TPS,armroll,,aktif,Kandangan,14.0,14.0,14.0,14.0,<1 hari,,2021," -7.25084378569621, 112.652810952549",-7.25084378569621,112.652810952549,100.0
101.0,100.0,Benowo,Sememi,0101000020ED7F00006FD19E2B6DCD2441BBD7E7B63A8B6141,TPS Bandarejo Sememi,34,Jl. Bandarejo Pasar Sememi,,TPS,armroll,,aktif,Sememi,14.0,14.0,14.0,14.0,<1 hari,,2021,"-7.25223712521588,112.645340822927",-7.25223712521588,112.645340822927,100.0
,,Benowo,Romokalisari,0101000020ED7F00005B0F4DFADFDD244169F9299A288E6141,TPS Rusunawa Romokalisari,36,Jl.Rusunawa Romokalisari,,TPS,armroll,,aktif,Romokalisari,14.0,14.0,14.0,14.0,<1 hari,,2021," -7.19792360047389, 112.664206621801",-7.19792360047389,112.664206621801,100.0
103.0,102.0,Benowo,Babat Jerawat,0101000020ED7F000056F94556EABF24418C0E0A528F8B6141,TPS Babat Jerawat,37,Jl. Dukuh Jerawat,,TPS,armroll,,aktif,Babat Jerawat,14.0,14.0,14.0,14.0,<1 hari,,2021,"-7.24617337587232,112.629658925869",-7.24617337587232,112.629658925869,100.0
,,Benowo,Babat Jerawat,0101000020ED7F00009AFD7F7725BD2441CDD5A797028B6141,TPS Langkir,38,Jl.Sendang Bulu,,TPS,armroll,,aktif,Babat Jerawat,14.0,14.0,14.0,14.0,<1 hari,,2021," -7.25636479347631, 112.626486075772",-7.25636479347631,112.626486075772,100.0
105.0,104.0,Pakal,Babat Jerawat,0101000020ED7F0000800115BE0BBF2441AAC5176BDC8B6141,TPS Pondok Benowo Indah,39,Perum Pondok Benowo Indah,,TPS,armroll,,aktif,Babat Jerawat,14.0,14.0,14.0,14.0,<1 hari,,2021,"-7.24059991694222,112.628631115348",-7.24059991694222,112.628631115348,100.0
,,Pakal,Benowo,0101000020ED7F000013AFC4175DB02441D77D703C368C6141,TPS Pasar Benowo,40,Jl.Raya Benowo,,TPS,armroll,,aktif,Benowo,14.0,14.0,14.0,14.0,<1 hari,,2021," -7.23416324364484, 112.61159102814",-7.23416324364484,112.61159102814,100.0
107.0,107.0,Pakal,Benowo,0101000020ED7F00009270A00857B0244104C2B5A5198C6141,TPS benowo Krajan,41,jl. benowo krajan,,tps,armroll,,aktif,benowo,14.0,14.0,14.0,14.0,<1 hari,,2021,"-7.23623140124137,112.611570934081",-7.23623140124137,112.611570934081,100.0
,,PAKAL,PAKAL,0101000020ED7F00009604523F2BAC2441350F9EBABC8B6141,TPS JURANG KUPING,42,JL.JURANG INDAH,,TPS,armroll,,aktif,PAKAL,14.0,14.0,14.0,14.0,<1 hari,,2021," -7.24297004076601, 112.606760419107",,100.0
109.0,109.0,PAKAL,SUMBEREJO,0101000020ED7F00003B88471D3EA724417B7CE8078E8C6141,TPS SUMBEREJO MAKAM,43,JL. SUMBEREJO 2,,TPS,armroll,,aktif,SUMBEREJO,14.0,14.0,14.0,14.0,<1 hari,,2021,"-7.22784957333583,112.600997278815",-7.22784957333583,112.600997278815,100.0
,,PAKAL,SUMBEREJO,0101000020ED7F0000903B5BD541A92441CD4EB22BC48C6141,TPS SUMBEREJO KRENUK,44,JL.KRENUK SUMBEREJO,,TPS,armroll,,aktif,SUMBEREJO,8.0,8.0,8.0,8.0,<1 hari,,2021," -7.2239249765153, 112.603318308758",-7.2239249765153,112.603318308758,100.0
111.0,111.0,PAKAL,PAKAL,0101000020ED7F0000ED2315C21DB52441327D055C8F8B6141,TPS PAKAL MADYA,46,JL. PAKAL MADYA,,TPS,armroll,,aktif,PAKAL,8.0,8.0,8.0,8.0,<1 hari,,2021,"-7.24621523637462,112.617142343654",-7.24621523637462,112.617142343654,100.0
,,Wonocolo,Siwalankerto,0101000020ED7F0000BD7FC148FC15254151D016F383866141,Siwalankerto,190,Jl.Siwalan Kerto,,,compactor,,aktif,Kel.Siwalankerto,26.4,25.4,25.4,25.4,<1 hari,,2021," -7.33921448690707, 112.729772839729",-7.33921448690707,112.729772839729,96.21212121212122
113.0,114.0,Wiyung,Balas Klumprik,0101000020ED7F00006A2B7A42B5EF244195F4CDE01A876141,Balas Klumprik,185,Jl. Koterm Balas Klumprik,,,armroll,,aktif,Kel. Balas Klumprik,14.0,14.0,14.0,14.0,>1 hari,,2021," -7.32846575523729, 112.685359634932",-7.32846575523729,112.685359634932,100.0
114.0,115.0,PAKAL,PAKAL,0101000020ED7F0000642B23ECFBB12441683CD515C68B6141,TPS PAKAL TIMUR,45,JL. PAKAL SUMBERAN,,LANDASAN,armroll,,aktif,PAKAL,8.0,8.0,8.0,8.0,<1 hari,,2021,"-7.24226937047258,112.613497953235",-7.24226937047258,112.613497953235,100.0
,,Tenggilis Mejoyo,Panjang Jiwo,0101000020ED7F0000FEE50CA3332E2541F97F7C9D06886141,Raya Prapen,160,Jl.Raya Prapen Sisi Barat,,,compactor,,aktif,Kel.Sidosermo,19.8,19.8,19.8,19.8,<1 hari,,2021," -7.31113703154843, 112.757734712414",-7.31113703154843,112.757734712414,100.0
116.0,117.0,SAMBIKEREP,LONTAR,0101000020ED7F00000F4740A6B6E224410BC24AF4808A6141,TPS CANDI LONTAR,48,JL. LEMPUNG SARI,,TPS,armroll,,aktif,LONTAR,14.0,14.0,14.0,14.0,<1 hari,,2021,"-7.26558426198657,112.670062697059",-7.26558426198657,112.670062697059,100.0
,,Tenggilis Mejoyo,Panjang Jiwo,0101000020ED7F00007F32C6D8792925417570D7D1B6876141,Prapen DKK,162,Jl.Jemur Sari DKK,,,compactor,,aktif,Kel.Sidosermo,19.8,19.8,19.8,19.8,<1 hari,,2021," -7.31693017770317, 112.752279513246",-7.31693017770317,112.752279513246,100.0
118.0,119.0,Sawahan,Banyu Urip,0101000020ED7F000063431616B9082541421BE6F5338A6141,Simo Katrungan,149,Jl. Simo Katrungan,,,armroll,,aktif,Kel. Banyu Urip,8.0,8.0,8.0,8.0,>1 hari,,2021," -7.27098919773229, 112.714138498125",-7.27098919773229,112.714138498125,100.0
119.0,120.0,SAMBIKEREP,LONTAR,0101000020ED7F000027B36F4D1CE3244165F61D474D8A6141,TPS LEMPUNG PERDANA,47,JL LONTAR,,TPS,armroll,,aktif,LONTAR,14.0,14.0,14.0,14.0,<1 hari,,2021,"-7.26932063183861,112.67053674914",-7.26932063183861,112.67053674914,100.0
,,SAMBIKEREP,BRINGIN,0101000020ED7F000036D708CB9ECF2441171B47446F8A6141,TPS SAWO,49,JL SAWO 6,,TPS,armroll,,aktif,BRINGIN,8.0,8.0,8.0,8.0,<1 hari,,2021," -7.26694466697922, 112.647937141331",-7.26694466697922,112.647937141331,100.0
121.0,122.0,Sukolilo,Medokan Semampir,0101000020ED7F0000E12A339BCA432541F1DF32983B886141,Medokan Semampir,122,Jl. Medokan Semampir,,,armroll,,aktif,Kel. Medokan Semampir,14.0,14.0,14.0,14.0,<1 hari,,2021,"-7.30720668455307,112.782744434528",-7.30720668455307,112.782744434528,100.0
,,Kenjeran,Tambak Wedi,0101000020ED7F0000C85CE9B3313D25416BBDFE7E8D8D6141,Tambak Wedi,98,Jl.Tambak Wedi,,,armroll,,aktif,Kel.Tambak Wedi,14.0,14.0,14.0,14.0,<1 hari,,2021," -7.20872783332574, 112.774711336433",-7.20872783332574,112.774711336433,100.0
123.0,124.0,Kenjeran,Kedung Cowek,0101000020ED7F0000C4FF4199E83F25413D0D77EBC28C6141,Tanah Kali Kedinding,97,Jl. Tanah Kali Kedinding,,,armroll,,aktif,"Kel. Tanah Kali Kedinding, Kel. Kedung Cowek",28.0,28.0,28.0,28.0,<1 hari,,2021,"-7.22336835196966,112.777914160256",-7.22336835196966,112.777914160256,100.0
,,Kenjeran,Bulak Banteng,0101000020ED7F00008BC5283FEF35254175A76250038D6141,Bulak Banteng Podomoro,94,Jl.Bulak Banteng Pasar Podomoro,,,compactor,,aktif,"Kel.Sidotopo Wetan,Kel.Bulak Banteng",26.4,26.4,26.4,26.4,<1 hari,,2021," -7.21875546853772, 112.766337309323",-7.21875546853772,112.766337309323,100.0
125.0,126.0,Kenjeran,Bulak Banteng,0101000020ED7F00007E5DE676F2372541CA547E4BF28C6141,Bulak Banteng Timur,95,Jl. Bulak Banteng Timur,,,armroll,,aktif,"Kel. Sidotopo Wetan, Kel. Bulak Banteng",16.0,16.0,16.0,16.0,<1 hari,,2021,"-7.21997746860043,112.768674414571",-7.21997746860043,112.768674414571,100.0
,,Kenjeran,Bulak Banteng,0101000020ED7F000058F42B3BBE3725415F99B69BF78C6141,Jl.Platuk,92,Jl.DK Bulak Banteng,,,armroll,,aktif,"Kel.Sidotopo Wetan,Kel.Bulak Banteng",14.0,14.0,14.0,14.0,<1 hari,,2021," -7.21959405729937, 112.768436467551",-7.21959405729937,112.768436467551,100.0
127.0,128.0,Kenjeran,Bulak,0101000020ED7F00003DA9AD75754A25412B885E1A918B6141,Memet,91,Jl. Memet Sastro Wirya,,,armroll,,aktif,Kel. Komplek Kenjeran,14.0,14.0,14.0,14.0,<1 hari,,2021,"-7.24544069936028,112.790227792955",-7.24544069936028,112.790227792955,100.0
,,Semampir,Ujung,0101000020ED7F0000CBE94D168E272541ED4F5908DF8C6141,Jati Purwo,84,Jl.Jati purwo,,,armroll,,aktif,Kel.Ujung,14.0,14.0,14.0,14.0,<1 hari,,2021," -7.22144399721512, 112.749683194776",-7.22144399721512,112.749683194776,100.0
129.0,131.0,SAMBIKEREP,BRINGIN,0101000020ED7F0000C109101844D3244149546265C28A6141,TPS BRINGIN,50,JL. BRINGIN,,TPS,compactor,,aktif,BRINGIN,14.0,14.0,14.0,14.0,<1 hari,,2021,"-7.26091599843013,112.652140816075",-7.26091599843013,112.652140816075,100.0
,,SAMBIKEREP,BRINGIN,0101000020ED7F00007385142E71CB24414D71EA51B08A6141,TPS ALAS MALANG,51,JL.ALAS MALANG,,TPS,armroll,,aktif,BRINGIN,14.0,14.0,14.0,14.0,<1 hari,,2021," -7.26225648471114, 112.643077228468",-7.26225648471114,112.643077228468,100.0
131.0,133.0,SAMBIKEREP,SAMBIKEREP,0101000020ED7F0000BC88511646DC24414B3FFC813B8A6141,TPS KUWUKAN,52,JL. KUWUKAN SAMBIKEREP,,LANDASAN,armroll,,aktif,SAMBIKEREP,14.0,14.0,14.0,14.0,<1 hari,,2021,"-7.2706351808188,112.662617182646",-7.2706351808188,112.662617182646,100.0
,,LAKARSANTRI,LAKARSANTRI,0101000020ED7F0000D9E1F4BCB2C22441C65CC95071886141,TPS LAKARSANTRI,53,JL.LAKARSANTRI,,TPS,compactor,,aktif,LAKARSANTRI,28.0,28.0,28.0,28.0,<1 hari,,2021," -7.30388730428614, 112.633092998617",-7.30388730428614,112.633092998617,100.0
133.0,135.0,LAKARSANTRI,LIDAH KULON,0101000020ED7F0000959ED23319D22441A9A7EC5BEA876141,TPS WISMA LIDAH KULON,54,PERUM WISMA LIDAH KULON,,TPS,armroll,,aktif,LIDAH KULON,14.0,14.0,14.0,14.0,<1 hari,,2021,"-7.31358462750017,112.650980384811",-7.31358462750017,112.650980384811,100.0
,,LAKARSANTRI,LIDAH KULON,0101000020ED7F0000112B97A410DC2441F67D3689AE886141,TPS LIDAH KULON ORTOPEDI,55,JL.LONTAR LIDAH KULON,,TPS,armroll,,aktif,LIDAH KULON,14.0,14.0,14.0,14.0,<1 hari,,2021," -7.29935148376936, 112.662481045478",-7.29935148376936,112.662481045478,100.0
135.0,137.0,LAKARSANTRI,LIDAH WETAN,0101000020ED7F0000E867315D42E6244133E87AF471886141,TPS LIDAH WETAN UNESA,56,JL. WADUK UNESA,,LANDASAN,compactor,,aktif,LIDAH WETAN,28.0,28.0,28.0,28.0,<1 hari,,2021,"-7.3036899873314,112.674313927728",-7.3036899873314,112.674313927728,100.0
,,GUNUNG ANYAR,GNUNG ANYAR TAMBAK,0101000020ED7F00002229A08CE9482541E6D84FCA65866141,TPS PURIMAS,135,JL.GUNUNG ANYAR TIMUR,,TPS,armroll,,aktif,GUNUNG ANYAR TAMBAK,28.0,28.0,28.0,28.0,<1 hari,,2021," -7.34116469119383, 112.788815503916",-7.34116469119383,112.788815503916,100.0
137.0,139.0,GUNUNG ANYAR,GNUNG ANYAR,0101000020ED7F0000867BA427C25425416199E9EE3D866141,TPS WGUNA TIMUR,134,JL. WIGUNA TIMUR,,TPS,armroll,,aktif,GUNUNG ANYAR,14.0,14.0,14.0,14.0,<1 hari,,2021,"-7.34399265477172,112.80255882773",-7.34399265477172,112.80255882773,100.0
,,TENGGILIS MEJOYO,KUTISARI,0101000020ED7F00009D2DA9731D2525412ADBD10174866141,TPS KUTISARI PLN,139,JL.KUTISARI PLN,,TPS,armroll,,aktif,KUTISARI,28.0,28.0,28.0,28.0,<1 hari,,2021," -7.34029975723629, 112.747315602432",-7.34029975723629,112.747315602432,100.0
139.0,141.0,GUBENG,BARATAJAYA,0101000020ED7F000078C196BC40302541D6D1276657886141,TPS BARATA JAYA,114,JL. BARATAJAYA,,TPS,armroll,,aktif,BARATAJAYA,28.0,28.0,28.0,28.0,<1 hari,,2021,"-7.30528446526716,112.76008938848",-7.30528446526716,112.76008938848,100.0
,,SUKOLILO,NGINDEN JANGKUNGAN,0101000020ED7F000060CF1164503B2541B8C6CC5F4A886141,ASPOL NGINDEN INTAN,123,JL.NGINDEN INTAN TIMUR,,TPS,armroll,,aktif,NGINDEN JANGKUNGAN,14.0,14.0,14.0,14.0,<1 hari,,2021," -7.30617637387146, 112.772914079393",-7.30617637387146,112.772914079393,100.0
141.0,143.0,SUKOLILO,MEDOKAN SEMAMPIR,0101000020ED7F00001D5688F1255225413E60982850886141,TPS SEMOLOWARU BAHARI (TPU KEPUTIH),121,JL. MEDOKAN KEPUTIH,,TPS,armroll,,aktif,MEDOKAN SEMAMPIR,14.0,14.0,14.0,14.0,<1 hari,,2021,"-7.30565318746997,112.799379279609",-7.30565318746997,112.799379279609,100.0
,,MULYOREJO,KEJAWAN PUTIH TAMBAK,0101000020ED7F00006D57CC8EDA542541807BFF48B4896141,TPS KEJAWAN PUTIH TAMBAK,124,JL.KEJAWAN PUTIH TAMBAK,,TPS,compactor,,aktif,KEJAWAN PUTIH TAMBAK,19.8,19.8,19.8,19.8,<1 hari,,2021," -7.27988176307507, 112.802412141181",-7.27988176307507,112.802412141181,100.0
143.0,145.0,TAMBAKSARI,PACAR KELING,0101000020ED7F0000B4D5A5E0EC2C2541832100ED958A6141,TPS PETOJO,104,JL. PETOJO,,TPS,armroll,,aktif,PACAR KELING,8.0,8.0,8.0,8.0,<1 hari,,2021,"-7.26374247634636,112.756070578932",-7.26374247634636,112.756070578932,100.0
,,MULYOREJO,KALISARI,0101000020ED7F0000B30136AD49502541A4E23B46078A6141,TPS WISMA PERMAI,143,JL.WISMA PERMAI,,TPS,armroll,,aktif,KALISARI,14.0,14.0,14.0,14.0,<1 hari,,2021," -7.27390010918036, 112.797096260908",-7.27390010918036,112.797096260908,100.0
145.0,147.0,SAWAHAN,PETEMN,0101000020ED7F0000D5E4CE6BC50A2541A82D002D358A6141,TPS PETEMON KUBURAN,147,JL. PETEMON KUBURAN,,TPS,armroll,,aktif,PETEMON,8.0,8.0,8.0,8.0,<1 hari,,2021,"-7.27089230974194,112.71651209737",-7.27089230974194,112.71651209737,100.0
,,SAWAHAN,PUTAT JAYA,0101000020ED7F0000066EFB0A6F092541E7F7C3E6F9896141,TPS SIMO KWAGEAN (MATARAM UTARA),150,JL.MAKAM PUTAT,,TPS,armroll,,aktif,PUTAT JAYA,28.0,28.0,28.0,28.0,<1 hari,,2021," -7.27518574294776, 112.714978251714",-7.27518574294776,112.714978251714,100.0
147.0,149.0,SAWAHAN,PUTAT JAYA,0101000020ED7F00005036BAD11F0825417A98AB78E6896141,TPS MAKAM MATARAM,151,JL. MAKAM PUTAT JAYA,,TPS,armroll,,aktif,PUTAT JAYA,56.0,56.0,56.0,56.0,<1 hari,,2021,"-7.27659694602665,112.713465839688",-7.27659694602665,112.713465839688,100.0
,,SAWAHAN,PAKIS,0101000020ED7F00005F19E9EEFA0D2541A71B2FBD61896141,LANDASAN BINTANG DIPONGGO,68,JL.BINTANG DIPONGGO,,LANDASAN,armroll,,aktif,"PAKIS,PUTAT JAYA",28.0,28.0,28.0,28.0,<1 hari,,2021," -7.28617228002878, 112.720289778321",-7.28617228002878,112.720289778321,100.0
149.0,152.0,DUKUH PAKIS,PRADAH KALI KENDAL,0101000020ED7F0000428C4773FCF62441DDAEBC98A1896141,TPS PRADAH KALI KENDAL,155,JL. DARMO PERMAI SELATAN,,TPS,compactor,,aktif,PRADAH KALI KENDAL,28.0,28.0,28.0,28.0,<1 hari,,2021,"-7.28165372053731,112.693620288588",-7.28165372053731,112.693620288588,100.0
,,WONOCOLO,BENDUL MERISI,0101000020ED7F000029AC245CE6212541F152DF7D05886141,DEPO BENDUL MERISI,161,JL.BENDUL MERISI SELATAN,,TPS,armroll,,aktif,BENDUL MERISI,42.0,42.0,42.0,42.0,<1 hari,,2021," -7.31127367214148, 112.743475629936",-7.31127367214148,112.743475629936,100.0
151.0,154.0,KARANGPILANG,KEDURUS,0101000020ED7F000058183968930025412FC1272A8C876141,TPS PASAR KEDURU,163,JL. PASAR KEDURUS,,TPS,armroll,,aktif,KEDURUS,28.0,28.0,28.0,28.0,<1 hari,,2021,"-7.32019754101319,112.704881662635",-7.32019754101319,112.704881662635,100.0
,,KARANGPILANG,KEBRAON,0101000020ED7F00009F95C3662EF92441B29F2273EC866141,TPS KEBRAON,166,JL.KEBRAON SELATAN,,TPS,compactor,,aktif,KEBRAON,28.0,28.0,28.0,28.0,<1 hari,,2021," -7.33178285804474, 112.696353748859",-7.33178285804474,112.696353748859,100.0
153.0,156.0,KARANGPILANG,WARUGUNUNG,0101000020ED7F0000F598ED154CDE24416C4620F15B866141,TPS RUSUNAWA WARUGUNUNG,167,JL. MASTRIP WARUGUNUNG,,TPS,armroll,,aktif,WARUGUNUNG,14.0,14.0,14.0,14.0,<1 hari,,2021,"-7.34235247796371,112.665228069208",-7.34235247796371,112.665228069208,100.0
,,LAKARSANTRI,SUMUR WELUT,0101000020ED7F000067397D9586E424414BE88B13F3866141,TPS SUMUR WELUT,58,JL.SUMBERAN SUMUR WELUT,,TPS,compactor,,aktif,SUMUR WELUT,14.0,14.0,14.0,14.0,<1 hari,,2021," -7.3313932311669, 112.672407672416",-7.3313932311669,112.672407672416,100.0
155.0,158.0,LAKARSANTRI,BANGKINGAN,0101000020ED7F0000E82C7E1BC1D22441AC1C3A4080876141,TPS ASPOL BANGKINGAN,57,JL. RAYA BANGKINGAN (ASPOL),,TPS,armroll,,aktif,BANGKINGAN,14.0,14.0,14.0,14.0,<1 hari,,2021,"-7.32125733201595,112.651768908734",-7.32125733201595,112.651768908734,100.0
,,LAKARSANTRI,JERUK,0101000020ED7F0000A86AE0F482C72441328F3B334A886141,TPS JERUK,187,JL.JERUK,,TPS,compactor,,aktif,JERUK,28.0,28.0,28.0,28.0,<1 hari,,2021," -7.30669657002004, 112.63868282773",-7.30669657002004,112.63868282773,100.0
157.0,160.0,SUKOMANUNGGAL,SONOKWIJENAN,0101000020ED7F00005439E85DB1FA24417B847CFBE9896141,TPS SONOKWIJENAN,63,JL. SONOKWIJENAN,,TPS,compactor,,aktif,SONOKWIJENAN,28.0,28.0,28.0,28.0,<1 hari,,2021,"-7.27640161024886,112.697896971736",-7.27640161024886,112.697896971736,100.0
,,SUKOMANUNGGAL,PUTAT GEDE,0101000020ED7F00008AE4D58EF5FD24412E09E90470896141,TPS PUTAT GEDE,62,JL.PUTAT GEDE BARAT,,TPS,armroll,,aktif,PUTAT GEDE,28.0,28.0,28.0,28.0,<1 hari,,2021," -7.28520957355843, 112.701716180358",-7.28520957355843,112.701716180358,100.0
159.0,162.0,ASEMROWO,ASEMROWO,0101000020ED7F00009D5A2F989A092541AA86D574338B6141,TPS PASAR ASEMROWO,64,JL. ASEMRAYA,,TPS,armroll,,aktif,ASEMROWO,8.0,8.0,8.0,8.0,<1 hari,,2021,"-7.25250423129532,112.715089438785",-7.25250423129532,112.715089438785,100.0
,,ASEMROWO,ASEMROWO,0101000020ED7F0000A13F0C676805254108249EB7398B6141,TPS JAYAMIX,65,JL.DUPAK RUKUN,,TPS,armroll,,aktif,ASEMROWO,28.0,28.0,28.0,28.0,<1 hari,,2021," -7.25206968550145, 112.710224502426",-7.25206968550145,112.710224502426,100.0
161.0,164.0,ASEMROWO,ASEMROWO,0101000020ED7F0000757DD0C7D1072541D2BB425CA78B6141,TPS GENTING,66,JL. GENTING,,TPS,armroll,,aktif,ASEMROWO,14.0,14.0,14.0,14.0,<1 hari,,2021,"-7.24412818757756,112.712989610811",-7.24412818757756,112.712989610811,100.0
,,ASEMROWO,TAMBAKSARIOSO,0101000020ED7F000056E4F167BDED24419FAC1BC4728C6141,TPS GREGES,67,JL.GREGES KALIANAK,,LANDASAN,armroll,,aktif,TAMBAKSARIOSO,14.0,14.0,14.0,14.0,<1 hari,,2021," -7.22952754610789, 112.68270922078",-7.22952754610789,112.68270922078,100.0
163.0,166.0,KREMBANGAN,DUPAK,0101000020ED7F000093B4341FF10C25410B0E4C44B28B6141,TPS DUPAK BANDAREJO,69,DUPAK BNDAREJO,,TPS,armroll,,aktif,DUPAK,14.0,14.0,14.0,14.0,<1 hari,,2021,"-7.24331688712298,112.718923383073",-7.24331688712298,112.718923383073,100.0
,,KREMBANGAN,DUPAK,0101000020ED7F0000221FBC16C40B25412DB40FF0EE8B6141,TPS DUPAK BANGUNSARI,70,DUPAK BANGUNSARI,,TPS,armroll,,aktif,DUPAK,28.0,28.0,28.0,28.0,<1 hari,,2021," -7.23893344730872, 112.71754392669",-7.23893344730872,112.71754392669,100.0
165.0,168.0,KREMBANGAN,MOROKREMBANGAN,0101000020ED7F0000F07E2B197A11254151105DBD288C6141,TPS BRIMOB PPI,72,JL. SEDAYU 2,,TPS,armroll,,aktif,MOROKRREMBANGAN,8.0,8.0,8.0,8.0,<1 hari,,2021,"-7.23472737817668,112.724146830711",-7.23472737817668,112.724146830711,100.0
,,ASEMROWO,GENTING KALIANAK,0101000020ED7F00005189887392082541B5CE90E1E28B6141,LANDASAN TAMBAK ASRI,73,JL.TAMBAK ASRI,,LANDASAN,armroll,,aktif,GENTING KALIANAK,14.0,14.0,14.0,14.0,<1 hari,,2021," -7.23981950759367, 112.713845617246",-7.23981950759367,112.713845617246,100.0
167.0,170.0,KREMBANGAN,PERAK BARAT,0101000020ED7F0000D2B9E7A9970F254117ABBB21808C6141,TPS TANJUNG SADARI,74,JL. TANJUNG SADARI,,TPS,armroll,,aktif,PERAK BARAT,28.0,28.0,28.0,28.0,<1 hari,,2021,"-7.22841421409944,112.721938829781",-7.22841421409944,112.721938829781,100.0
,,KREMBANGAN,KREMBANGAN SELATAN,0101000020ED7F00009BD0D0B04D1A254167994854118C6141,TPS KREMBANGAN BARAT,75,JL.KREMBANGAN BARAT,,TPS,armroll,,aktif,KREMBANGAN SELATAN,42.0,42.0,42.0,42.0,<1 hari,,2021," -7.23638190294065, 112.734382738541",-7.23638190294065,112.734382738541,100.0
169.0,172.0,KREMBANGAN,MOROKREMBANGAN,0101000020ED7F0000010DFCC46F0D2541C39DE993588C6141,TPS MOROKREMBANGAN,76,JL. GADUKAN UTARA,,TPS,armroll,,aktif,MOROKREMBANGAN,14.0,14.0,14.0,14.0,<1 hari,,2021,"-7.23128475118122,112.71945118672",-7.23128475118122,112.71945118672,100.0
,,SEMAMPIR,SIDOTOPO,0101000020ED7F00001972CF493C242541EF9D048B698C6141,TPS PEGIRIAN,78,JL.PEGIRIAN,,TPS,compactor,,aktif,SIDOTOPO,14.0,14.0,14.0,14.0,<1 hari,,2021," -7.22995713005777, 112.745868831016",-7.22995713005777,112.745868831016,100.0
171.0,174.0,PABEAN CANTIKAN,NYAMPLUNGAN,0101000020ED7F00003796D821D51D25412424F436BA8C6141,TPS BENTENG,79,JL. BENTENG,,LANASAN,compactor,,aktif,NYAMPLUNGAN,42.0,42.0,42.0,42.0,<1 hari,,2021,"-7.22415023682533,112.738425995796",-7.22415023682533,112.738425995796,100.0
,,SIMOKERTO,SIDODADI,0101000020ED7F000069E0FBB8D3212541820FAF09298C6141,LANDASAN KERTOPATEN,80,JL.KERTOPATEN,,LANDASAN,compactor,,aktif,"SIDOTOPO,NYAMPLUNGAN,SIDODADI",42.0,42.0,42.0,42.0,<1 hari,,2021," -7.23463368803146, 112.743095517536",-7.23463368803146,112.743095517536,100.0
173.0,176.0,PABEAN CANTIKAN,KREMBANGAN UTARA,0101000020ED7F00007B769863351D2541B3B6C53D4F8C6141,LANDASAN KASUARI,81,JL. KASUARI,,LANDASAN,armroll,,aktif,KREMBANGAN UTARA,14.0,14.0,14.0,14.0,<1 hari,,2021,"-7.23189075112564,112.737732416269",-7.23189075112564,112.737732416269,100.0
,,SEMAMPIR,WONOKUSUMO,0101000020ED7F0000A7087F512C2C2541A18B9EC5548D6141,TPS MRUTU KALIANYAR,85,JL.MRUTU KALIANYAR,,TPS,armroll,,aktif,WONOKUSUMO,14.0,14.0,14.0,14.0,<1 hari,,2021," -7.21290701839344, 112.755002245411",-7.21290701839344,112.755002245411,100.0
175.0,178.0,PABEAN CANTIKAN,KREMBANGAN UTARA,0101000020ED7F00007558B17B8B172541ECB69623488C6141,TPS PESAPEN POMPA,86,JL PESAPEN POMPA,,TPS,armroll,,aktif,KREMBANGAN UTARA,14.0,14.0,14.0,14.0,<1 hari,,2021,"-7.23242947242333,112.73117053758",-7.23242947242333,112.73117053758,100.0
,,PABEAN CANTIKAN,KREMBANGAN UTARA,0101000020ED7F0000ABB9CAA7D91A254129304F88848C6141,TPS PASAR BABAAN,87,JL.KEBALEN KULON,,TPS,armroll,,aktif,KREMBANGAN UTARA,28.0,28.0,28.0,28.0,<1 hari,,2021," -7.22804642522639, 112.734984555259",-7.22804642522639,112.734984555259,100.0
177.0,180.0,PABEAN CANTIKAN,PERAK TIMUR,0101000020ED7F0000030A886D0C192541BE7512B8838C6141,TPS INDRAPURA PLN,88,JL. INDRAPURA JAYA,,TPS,armroll,,aktif,PERAK TIMUR,14.0,14.0,14.0,14.0,<1 hari,,2021,"-7.22811320535236,112.732896783712",-7.22811320535236,112.732896783712,100.0
,,KENJERAN,SIDOTOPO WETAN,0101000020ED7F000087E859BCEF2E25415766608F458C6141,TPS SIDOTOPO WETAN PASAR,93,PASAR SIDOTOPO WETAN,,TPS,armroll,,aktif,SIDOTOPO WETAN,28.0,28.0,28.0,28.0,<1 hari,,2021," -7.2325121992292, 112.758280421818",-7.2325121992292,112.758280421818,100.0
179.0,183.0,KENJERAN,BULAK BANTENG,0101000020ED7F0000BC334FDF70302541610E4A0A1A8D6141,TPS DUKUH BULAK BANTENG,96,JL. BULAK BANTENG SEKOLAHAN,,TPS,armroll,,aktif,BULAK BANTENG,14.0,14.0,14.0,14.0,<1 hari,,2021,"-7.21713621570827,112.759964470444",-7.21713621570827,112.759964470444,100.0
,,JAMBANGAN,KETINTANG,0101000020ED7F0000B751CF684110254151FD40A953876141,TPS KETINTANG BARU SELATAN,168,JL.KETINTANG SELATAN,,TPS,compactor,,aktif,KETINTANG,28.0,28.0,28.0,28.0,<1 hari,,2021," -7.32421546591077, 112.723072803875",-7.32421546591077,112.723072803875,100.0
181.0,185.0,GAYUNGAN,MENANGGAL,0101000020ED7F00000B952E72CC1025416E1A597284866141,TPS GAYUNGPRING,170,JL GAYUNGSARI 4,,TPS,armroll,,aktif,MENANGGAL,14.0,14.0,14.0,14.0,<1 hari,,2021,"-7.33920164741081,112.723760020297",-7.33920164741081,112.723760020297,100.0
,,GAYUNGAN,KEBONSARI,0101000020ED7F00001CDED95A7B0925412B114A9B0A876141,TPS KEBONSARI MAKAM,178,JL KEBONSARI MAKAM,,TPS,armroll,,aktif,KEBONSARI,14.0,14.0,14.0,14.0,<1 hari,,2021," -7.32952979357797, 112.715241148844",-7.32952979357797,112.715241148844,100.0
183.0,187.0,GAYUNGAN,DUKUH MENANGGAL,0101000020ED7F0000341D7E66C90F2541A3818FA547866141,TPS DUKUH MENANGGAL IKIP,173,JL DUKUH MENANGGAL XII,,TPS,armroll,,aktif,DUKUH MENANGGAL,14.0,14.0,14.0,14.0,<1 hari,,2021,"-7.34360403504694,112.722603942766",-7.34360403504694,112.722603942766,100.0
,,PABEAN CANTIKAN,BONGKARAN,0101000020ED7F0000467BE740822125418B2625E2A88B6141,TPS SEMUT KALI,89,JL SEMUT KLI,,TPS,compactor,,aktif,BONGKARAN,28.0,28.0,28.0,28.0,<1 hari,,2021," -7.24390493058948, 112.742762291255",-7.24390493058948,112.742762291255,100.0
185.0,191.0,WIYUNG,WIYUNG,0101000020ED7F0000F31FF34853F72441909BC51BE4876141,TPS PASAR WIYUNG,179,JL. MENGANTI WIYUNG,,TPS,armroll,,aktif,WIYUNG,14.0,14.0,14.0,14.0,<1 hari,,2021,"-7.31387661022226,112.6941346962",-7.31387661022226,112.6941346962,100.0
,,WIYUNG,BABATAN,0101000020ED7F00007B02381689E524418201A69B07886141,TPS BABATAN INDAH,180,JL BABATAN INDAH,,TPS,armroll,,aktif,BABATAN,14.0,14.0,14.0,14.0,<1 hari,,2021," -7.31138578215303, 112.673503635251",-7.31138578215303,112.673503635251,100.0
187.0,193.0,WIYUNG,WIYUNG,0101000020ED7F000063DA717644FB244136D33621BE876141,TPS TPI WIYUNG,181,JL TPI WIYUNG,,TPS,armroll,,aktif,WIYUNG,14.0,14.0,14.0,14.0,<1 hari,,2021,"-7.31660658966535,112.698714631999",-7.31660658966535,112.698714631999,100.0
,,WIYUNG,JAJAR TUNGGAL,0101000020ED7F0000DD1120B8D3FE24411707FC3E0E886141,TPS WIYUNG KRAMAT,182,JL KRAMAT WIYUNG,,LANDASAN,armroll,,aktif,JAJAR TUNGGAL,8.0,8.0,8.0,8.0,<1 hari,,2021," -7.31079583403846, 112.702818841207",-7.31079583403846,112.702818841207,100.0
189.0,195.0,WIYUNG,BALAS KLUMPRIK,0101000020ED7F000095704436A7F624412D50DC60EF866141,TPS PONDOK MANGGALA,184,JL. PONDOK MNGGALA,,TPS,armroll,,aktif,BALAS KLUMPRIK,14.0,14.0,14.0,14.0,<1 hari,,2021,"-7.33158206572282,112.69342236223",-7.33158206572282,112.69342236223,100.0
,,Semampir,Ujung,0101000020ED7F00000D9B33145227254167AD11FBFF8C6141,Jati Srono,83,Jl.Jati Srono,,,armroll,,aktif,Kel.Ujung,14.0,14.0,14.0,14.0,<1 hari,,2021," -7.21906179947796, 112.749402380453",-7.21906179947796,112.749402380453,100.0
